[
   {
      "model":"user.user",
      "pk":1,
      "fields":{
         "email":"admin@admin.com",
         "first_name":"admin",
         "last_name":"admin",
         "password":"pbkdf2_sha256$320000$6uM28XWOFX6ewyloJzjqmt$L+ZhofPylneoaL2iZS4sZu4ZMUNb4oIevfAdzOMn/eE=",
         "is_staff":true,
         "is_superuser":true
      }
   },
   {
      "model":"user.user",
      "pk":2,
      "fields":{
         "email":"user1@example.com",
         "first_name":"John",
         "last_name":"Doe",
         "password":"hashed_password",
         "is_staff":true
      }
   },
   {
      "model":"user.user",
      "pk":3,
      "fields":{
         "email":"user2@example.com",
         "first_name":"Jane",
         "last_name":"Smith",
         "password":"hashed_password",
         "is_staff":false
      }
   },
   {
      "model":"user.user",
      "pk":4,
      "fields":{
         "email":"user3@example.com",
         "first_name":"Alice",
         "last_name":"Johnson",
         "password":"hashed_password",
         "is_staff":false
      }
   },
   {
      "model":"user.user",
      "pk":5,
      "fields":{
         "email":"user4@example.com",
         "first_name":"Bob",
         "last_name":"Brown",
         "password":"hashed_password",
         "is_staff":true
      }
   },
   {
      "model":"user.user",
      "pk":6,
      "fields":{
         "email":"user5@example.com",
         "first_name":"Eva",
         "last_name":"Wilson",
         "password":"hashed_password",
         "is_staff":false
      }
   },
   {
      "model":"user.user",
      "pk":7,
      "fields":{
         "email":"user6@example.com",
         "first_name":"David",
         "last_name":"Lee",
         "password":"hashed_password",
         "is_staff":true
      }
   },
   {
      "model":"user.user",
      "pk":8,
      "fields":{
         "email":"user7@example.com",
         "first_name":"Sarah",
         "last_name":"Martinez",
         "password":"hashed_password",
         "is_staff":false
      }
   },
   {
      "model":"user.user",
      "pk":9,
      "fields":{
         "email":"user8@example.com",
         "first_name":"Michael",
         "last_name":"Garcia",
         "password":"hashed_password",
         "is_staff":true
      }
   },
   {
      "model":"user.user",
      "pk":10,
      "fields":{
         "email":"user9@example.com",
         "first_name":"Emily",
         "last_name":"Brown",
         "password":"hashed_password",
         "is_staff":false
      }
   },
   {
      "model":"user.user",
      "pk":11,
      "fields":{
         "email":"user10@example.com",
         "first_name":"Christopher",
         "last_name":"Taylor",
         "password":"hashed_password",
         "is_staff":true
      }
   },
   {
      "model":"airport.airport",
      "pk":1,
      "fields":{
         "name":"Airport 1",
         "closest_big_city":"City 1"
      }
   },
   {
      "model":"airport.airport",
      "pk":2,
      "fields":{
         "name":"Airport 2",
         "closest_big_city":"City 2"
      }
   },
   {
      "model":"airport.airport",
      "pk":3,
      "fields":{
         "name":"International Airport",
         "closest_big_city":"Metropolis"
      }
   },
   {
      "model":"airport.airport",
      "pk":4,
      "fields":{
         "name":"Sunset Airport",
         "closest_big_city":"Beach City"
      }
   },
   {
      "model":"airport.airport",
      "pk":5,
      "fields":{
         "name":"Sky Harbor",
         "closest_big_city":"Cloudsville"
      }
   },
   {
      "model":"airport.airport",
      "pk":6,
      "fields":{
         "name":"Mountainview Airport",
         "closest_big_city":"Alpine City"
      }
   },
   {
      "model":"airport.airport",
      "pk":7,
      "fields":{
         "name":"Riverfront Airport",
         "closest_big_city":"Riverside"
      }
   },
   {
      "model":"airport.route",
      "pk":1,
      "fields":{
         "source":1,
         "destination":2,
         "distance":500
      }
   },
   {
      "model":"airport.route",
      "pk":2,
      "fields":{
         "source":3,
         "destination":4,
         "distance":800
      }
   },
   {
      "model":"airport.route",
      "pk":3,
      "fields":{
         "source":5,
         "destination":6,
         "distance":1200
      }
   },
   {
      "model":"airport.route",
      "pk":4,
      "fields":{
         "source":7,
         "destination":1,
         "distance":700
      }
   },
   {
      "model":"airport.route",
      "pk":5,
      "fields":{
         "source":2,
         "destination":5,
         "distance":950
      }
   },
   {
      "model":"airport.route",
      "pk":6,
      "fields":{
         "source":6,
         "destination":3,
         "distance":600
      }
   },
   {
      "model":"flight.airplanetype",
      "pk":1,
      "fields":{
         "name":"Boeing 747"
      }
   },
   {
      "model":"flight.airplanetype",
      "pk":2,
      "fields":{
         "name":"Airbus A320"
      }
   },
   {
      "model":"flight.airplanetype",
      "pk":3,
      "fields":{
         "name":"Boeing 777"
      }
   },
   {
      "model":"flight.airplanetype",
      "pk":4,
      "fields":{
         "name":"Embraer E190"
      }
   },
   {
      "model":"flight.airplanetype",
      "pk":5,
      "fields":{
         "name":"Airbus A380"
      }
   },
   {
      "model":"flight.airplanetype",
      "pk":6,
      "fields":{
         "name":"Bombardier CRJ900"
      }
   },
   {
      "model":"flight.airplane",
      "pk":1,
      "fields":{
         "name":"Airplane 1",
         "rows":20,
         "seats_in_row":6,
         "airplane_type":1
      }
   },
   {
      "model":"flight.airplane",
      "pk":2,
      "fields":{
         "name":"Airplane 2",
         "rows":24,
         "seats_in_row":4,
         "airplane_type":2
      }
   },
   {
      "model":"flight.airplane",
      "pk":3,
      "fields":{
         "name":"Airplane 3",
         "rows":18,
         "seats_in_row":5,
         "airplane_type":3
      }
   },
   {
      "model":"flight.airplane",
      "pk":4,
      "fields":{
         "name":"Airplane 4",
         "rows":22,
         "seats_in_row":6,
         "airplane_type":4
      }
   },
   {
      "model":"flight.airplane",
      "pk":5,
      "fields":{
         "name":"Airplane 5",
         "rows":16,
         "seats_in_row":7,
         "airplane_type":5
      }
   },
   {
      "model":"flight.crew",
      "pk":1,
      "fields":{
         "first_name":"Jane",
         "last_name":"Smith"
      }
   },
   {
      "model":"flight.crew",
      "pk":2,
      "fields":{
         "first_name":"John",
         "last_name":"Doe"
      }
   },
   {
      "model":"flight.crew",
      "pk":3,
      "fields":{
         "first_name":"Michael",
         "last_name":"Johnson"
      }
   },
   {
      "model":"flight.crew",
      "pk":4,
      "fields":{
         "first_name":"Alice",
         "last_name":"Martinez"
      }
   },
   {
      "model":"flight.crew",
      "pk":5,
      "fields":{
         "first_name":"David",
         "last_name":"Wilson"
      }
   },
   {
      "model":"flight.flight",
      "pk":1,
      "fields":{
         "crew":[
            1
         ],
         "route":1,
         "airplane":1,
         "departure_time":"2023-11-10T12:00:00Z",
         "arrival_time":"2023-11-10T15:00:00Z"
      }
   },
   {
      "model":"flight.flight",
      "pk":2,
      "fields":{
         "crew":[
            2
         ],
         "route":2,
         "airplane":2,
         "departure_time":"2023-11-12T14:00:00Z",
         "arrival_time":"2023-11-12T17:00:00Z"
      }
   },
   {
      "model":"flight.flight",
      "pk":3,
      "fields":{
         "crew":[
            3
         ],
         "route":3,
         "airplane":3,
         "departure_time":"2023-11-14T10:00:00Z",
         "arrival_time":"2023-11-14T13:00:00Z"
      }
   },
   {
      "model":"flight.flight",
      "pk":4,
      "fields":{
         "crew":[
            4
         ],
         "route":4,
         "airplane":4,
         "departure_time":"2023-11-16T16:00:00Z",
         "arrival_time":"2023-11-16T19:00:00Z"
      }
   },
   {
      "model":"flight.flight",
      "pk":5,
      "fields":{
         "crew":[
            5
         ],
         "route":5,
         "airplane":5,
         "departure_time":"2023-11-18T08:00:00Z",
         "arrival_time":"2023-11-18T11:00:00Z"
      }
   },
   {
      "model":"order.order",
      "pk":1,
      "fields":{
         "created_at":"2023-11-05T12:00:00Z",
         "user":1
      }
   },
   {
      "model":"order.order",
      "pk":2,
      "fields":{
         "created_at":"2023-11-07T14:00:00Z",
         "user":2
      }
   },
   {
      "model":"order.order",
      "pk":3,
      "fields":{
         "created_at":"2023-11-09T10:00:00Z",
         "user":3
      }
   },
   {
      "model":"order.order",
      "pk":4,
      "fields":{
         "created_at":"2023-11-11T16:00:00Z",
         "user":4
      }
   },
   {
      "model":"order.order",
      "pk":5,
      "fields":{
         "created_at":"2023-11-13T08:00:00Z",
         "user":5
      }
   },
   {
      "model":"order.ticket",
      "pk":1,
      "fields":{
         "row":5,
         "seat":2,
         "flight":1,
         "order":1
      }
   },
   {
      "model":"order.ticket",
      "pk":2,
      "fields":{
         "row":10,
         "seat":4,
         "flight":2,
         "order":2
      }
   },
   {
      "model":"order.ticket",
      "pk":3,
      "fields":{
         "row":15,
         "seat":6,
         "flight":3,
         "order":3
      }
   },
   {
      "model":"order.ticket",
      "pk":4,
      "fields":{
         "row":3,
         "seat":1,
         "flight":4,
         "order":4
      }
   },
   {
      "model":"order.ticket",
      "pk":5,
      "fields":{
         "row":7,
         "seat":3,
         "flight":5,
         "order":5
      }
   }
]